{
  "posts": [
    {
      "id": "1",
      "title": "My first title post",
      "description": "lorem ipsum dasjfhskdfajh hdkjas hfas"
    },
    {
      "id": "2",
      "title": "My second title post",
      "description": "lorem ipsum dasjfhskdfajh hdkjas hfas",
         "image": "https://picsum.photos/id/244/600/400"
    },
    {
      "id": "3",
      "title": "My third title post",
      "description": "lorem ipsum dasjfhskdfajh hdkjas hfas",
      "image": "https://picsum.photos/id/237/600/400"
    },
    {
      "id": "4",
      "title": "My fourth title post",
        "description": "lorem ipsum dasjfhskdfajh hdkjas hfas",
      "image": "https://picsum.photos/id/238/600/400"
    },
    {
      "id": "5",
      "title": "My fifth title post",
      "description": "lorem ipsum dasjfhskdfajh hdkjas hfas",
      "image": "https://picsum.photos/id/239/600/400"
    },
    {
      "id": "6",
      "title": "My sixth title post",
      "description": "lorem ipsum dasjfhskdfajh hdkjas hfas",
      "image": "https://picsum.photos/id/259/600/400"
    }
  ],
  "users": [
    {
      "email": "safdsf@dsaf.cdsa",
      "password": "$2a$10$ZPerR9DZX46JWWubUixfZ.VRaUvHTLIgpj.irMtvGkFFo64lhOJ2G",
      "id": 1
    },
    {
      "email": "test@test.com",
      "password": "$2a$10$adi9YV9I5EpljeeomwM4OOlzEzg3TdM1WGr1y4elo.vComJbUU9L6",
      "id": 2
    },
    {
      "email": "test@test,com",
      "password": "$2a$10$Lnbn3bR.gcxPDHp.0vjjmu5QhGfz4WVBUcVcDJ8hr460FcRWI19HW",
      "id": 3
    }
  ]
}